Div,Date,HomeTeam,AwayTeam,FTHG,FTAG,FTR,home_points_5,away_points_5,home_weighted,away_weighted,home_diff_5,away_diff_5,home_home_points,away_away_points,elo_home,elo_away,rest_home,rest_away
E0,2021-08-13,Brentford,Arsenal,2,0,H,0,0,0,0,0,0,0,0,1500.0,1500.0,0,0
E0,2021-08-14,Man United,Leeds,5,1,H,0,0,0,0,0,0,0,0,1500.0,1500.0,0,0
E0,2021-08-14,Burnley,Brighton,1,2,A,0,0,0,0,0,0,0,0,1500.0,1500.0,0,0
E0,2021-08-14,Chelsea,Crystal Palace,3,0,H,0,0,0,0,0,0,0,0,1500.0,1500.0,0,0
E0,2021-08-14,Everton,Southampton,3,1,H,0,0,0,0,0,0,0,0,1500.0,1500.0,0,0
E0,2021-08-14,Leicester,Wolves,1,0,H,0,0,0,0,0,0,0,0,1500.0,1500.0,0,0
E0,2021-08-14,Watford,Aston Villa,3,2,H,0,0,0,0,0,0,0,0,1500.0,1500.0,0,0
E0,2021-08-14,Norwich,Liverpool,0,3,A,0,0,0,0,0,0,0,0,1500.0,1500.0,0,0
E0,2021-08-15,Newcastle,West Ham,2,4,A,0,0,0,0,0,0,0,0,1500.0,1500.0,0,0
E0,2021-08-15,Tottenham,Man City,1,0,H,0,0,0,0,0,0,0,0,1500.0,1500.0,0,0
E0,2021-08-21,Brighton,Watford,2,0,H,3,3,15,15,1,1,0,0,1509.71225631668,1510.0,7,7
E0,2021-08-21,Man City,Norwich,5,0,H,0,0,0,0,-1,-3,0,0,1490.28774368332,1490.0,6,7
E0,2021-08-21,Leeds,Everton,2,2,D,0,3,0,15,-4,2,0,0,1490.28774368332,1510.0,7,7
E0,2021-08-21,Aston Villa,Newcastle,2,0,H,0,0,0,0,-1,-2,0,0,1490.28774368332,1490.0,7,6
E0,2021-08-21,Liverpool,Burnley,2,0,H,3,0,15,0,3,-1,0,0,1509.71225631668,1490.0,7,7
E0,2021-08-21,Crystal Palace,Brentford,0,0,D,0,3,0,15,-3,2,0,0,1490.28774368332,1510.0,7,8
E0,2021-08-22,Southampton,Man United,1,1,D,0,3,0,15,-2,4,0,0,1490.28774368332,1510.0,8,8
E0,2021-08-22,Wolves,Tottenham,0,1,A,0,3,0,15,-1,1,0,0,1490.28774368332,1510.0,8,7
E0,2021-08-22,Arsenal,Chelsea,0,2,A,0,3,0,15,-2,3,0,0,1490.28774368332,1510.0,9,8
E0,2021-08-23,West Ham,Leicester,4,1,H,3,3,15,15,2,1,0,0,1509.71225631668,1510.0,8,9
E0,2021-08-28,West Ham,Crystal Palace,2,2,D,6,1,27,5,5,-3,3,0,1519.7205382437342,1490.85450002419,5,7
E0,2021-08-28,Liverpool,Chelsea,1,1,D,6,6,27,27,5,5,3,3,1519.14549997581,1519.1630873067425,7,6
E0,2021-08-28,Norwich,Leicester,1,2,A,0,3,0,12,-8,-2,0,0,1480.295780391727,1500.279706602888,7,5
E0,2021-08-28,Aston Villa,Brentford,1,1,D,3,4,15,17,1,2,3,1,1500.2794617562658,1509.44950530889,7,7
E0,2021-08-28,Brighton,Everton,0,2,A,6,4,27,17,3,2,3,1,1519.7205382437342,1509.44950530889,7,7
E0,2021-08-28,Man City,Arsenal,5,0,H,3,0,15,0,4,-4,3,0,1500.2794617562658,1480.85450002419,7,6
E0,2021-08-28,Newcastle,Southampton,2,2,D,0,1,0,5,-4,-2,0,0,1480.295780391727,1490.85450002419,7,6
E0,2021-08-29,Burnley,Leeds,1,1,D,0,1,0,5,-3,-4,0,0,1480.8369126932575,1490.85450002419,8,8
E0,2021-08-29,Tottenham,Watford,1,0,H,6,3,27,12,2,-1,3,0,1519.1630873067425,1500.279706602888,7,8
E0,2021-08-29,Wolves,Man United,0,1,A,0,4,0,17,-2,4,0,1,1480.85450002419,1509.44950530889,7,7
E0,2021-09-11,Chelsea,Aston Villa,3,0,H,7,4,26,17,5,1,3,0,1519.162595672392,1500.5433355559308,14,14
E0,2021-09-11,Watford,Wolves,0,2,A,3,0,9,0,-2,-3,3,0,1491.0936047651408,1471.6756771117064,13,13
E0,2021-09-11,Southampton,West Ham,0,0,D,2,7,9,26,-2,5,1,3,1490.5594257072187,1518.891613303491,14,14
E0,2021-09-11,Man United,Newcastle,4,1,H,7,1,28,5,5,-4,3,0,1518.366550776106,1480.59959124674,13,14
E0,2021-09-11,Leicester,Man City,0,1,A,6,6,24,27,-1,9,3,0,1509.4352526234795,1509.7209482415742,14,14
E0,2021-09-11,Arsenal,Norwich,1,0,H,0,0,0,0,-9,-9,0,0,1471.6834366840337,1470.8703305571803,14,14
E0,2021-09-11,Crystal Palace,Tottenham,3,0,H,2,9,9,36,-3,3,1,3,1491.6597258797083,1528.6201144628221,14,13
E0,2021-09-11,Brentford,Brighton,0,1,A,5,6,18,21,2,1,3,3,1509.19322127006,1509.4250002409208,14,14
E0,2021-09-12,Leeds,Liverpool,0,3,A,2,7,9,26,-4,5,1,3,1490.5745403462188,1519.146006179885,14,15
E0,2021-09-13,Everton,Burnley,3,1,H,7,1,28,5,4,-3,3,0,1519.4487999963385,1481.125162160797,16,15
E0,2021-09-17,Newcastle,Leeds,1,1,D,1,2,4,7,-7,-7,1,1,1471.9352419281465,1481.395044478861,6,5
E0,2021-09-18,Norwich,Watford,1,3,A,0,3,0,6,-10,-4,0,0,1461.1807833791074,1480.535293076196,7,7
E0,2021-09-18,Man City,Southampton,0,0,D,9,3,36,12,10,-2,6,1,1519.4252250511652,1491.3730888381099,7,7
E0,2021-09-18,Aston Villa,Everton,3,0,H,4,10,13,36,-2,6,4,4,1491.3498983569273,1528.3502089545304,7,5
E0,2021-09-18,Burnley,Arsenal,0,1,A,1,3,4,15,-5,-8,1,0,1472.4760987568015,1481.6600336511763,5,7
E0,2021-09-18,Liverpool,Crystal Palace,3,0,H,10,5,34,22,8,0,4,1,1528.063702083672,1502.719536494177,6,7
E0,2021-09-18,Wolves,Brentford,0,2,A,3,5,15,13,-1,1,0,2,1481.9306221002876,1499.19989240411,7,7
E0,2021-09-19,Brighton,Leicester,2,1,H,9,6,30,18,2,-2,3,3,1519.130782919313,1499.4434756025182,8,8
E0,2021-09-19,West Ham,Man United,1,2,A,8,10,24,36,5,8,4,4,1518.101218625715,1527.28379162133,8,8
E0,2021-09-19,Tottenham,Chelsea,0,3,A,9,10,27,34,0,8,6,4,1517.8760138106616,1528.6272027292928,8,8
E0,2021-09-25,Brentford,Liverpool,3,3,D,8,13,23,39,3,11,3,6,1508.430835772725,1537.3355294797389,7,7
E0,2021-09-25,Leicester,Burnley,2,2,D,6,1,12,3,-3,-6,3,0,1490.2796956891432,1462.7403721026046,6,7
E0,2021-09-25,Leeds,West Ham,1,2,A,3,8,10,16,-7,4,1,4,1481.1306658658452,1508.3654528002933,8,6
E0,2021-09-25,Watford,Newcastle,1,1,D,6,2,18,8,-2,-7,3,0,1489.7083125044858,1472.2074496697999,7,8
E0,2021-09-25,Man United,Aston Villa,0,1,A,13,7,41,24,9,1,6,0,1536.7398155738017,1502.4108450994088,6,7
E0,2021-09-25,Chelsea,Man City,0,1,A,13,10,39,32,11,10,6,3,1538.0395171533444,1518.6195696059503,6,7
E0,2021-09-25,Everton,Norwich,2,0,H,10,0,26,0,3,-12,6,0,1517.6049981451038,1451.7372754237435,7,7
E0,2021-09-26,Southampton,Wolves,0,1,A,4,3,14,12,-2,-3,2,3,1492.1557019050165,1472.4272627250134,8,8
E0,2021-09-26,Arsenal,Tottenham,3,1,H,6,9,27,18,-7,-3,3,3,1491.1160196451533,1508.1853591701151,8,7
E0,2021-09-27,Crystal Palace,Brighton,1,1,D,5,12,17,36,-3,3,4,6,1493.712581148331,1528.5647423646988,9,8
E0,2021-10-02,Brighton,Arsenal,0,0,D,10,9,29,36,2,-3,6,3,1527.5934640482533,1501.6069198295797,5,6
E0,2021-10-02,Man United,Everton,1,1,D,10,10,28,31,4,3,6,4,1525.7549512942958,1525.7315637992613,7,7
E0,2021-10-02,Burnley,Norwich,0,0,D,2,0,7,0,-5,-11,1,0,1463.5087335804415,1443.835376307336,7,7
E0,2021-10-02,Chelsea,Southampton,3,1,H,10,4,26,10,7,-1,6,2,1527.4811475084175,1481.5884812812699,7,6
E0,2021-10-02,Leeds,Watford,1,0,H,3,4,7,17,-4,-3,1,3,1471.912944417759,1489.2050227732439,7,7
E0,2021-10-02,Wolves,Newcastle,2,1,H,6,3,24,11,-1,-5,0,1,1482.6908826975562,1472.6962892074594,6,7
E0,2021-10-03,Liverpool,Man City,2,2,D,11,13,31,37,8,12,7,6,1536.529229849646,1528.8745710269345,8,8
E0,2021-10-03,West Ham,Brentford,1,2,A,8,6,23,20,3,1,4,5,1517.3200981935342,1509.260865652318,8,8
E0,2021-10-03,Crystal Palace,Leicester,2,2,D,6,4,17,11,0,-4,5,3,1494.712355782864,1489.4887061072427,6,8
E0,2021-10-03,Tottenham,Aston Villa,2,1,H,6,10,9,32,-6,3,6,3,1497.996039089232,1513.0817332237048,7,8
E0,2021-10-16,Watford,Liverpool,0,5,A,4,9,13,25,-2,6,4,7,1479.0094781306693,1536.3089466993638,14,13
E0,2021-10-16,Aston Villa,Wolves,2,3,A,7,9,22,33,0,1,7,6,1502.9478526464459,1492.4032944973285,13,14
E0,2021-10-16,Leicester,Man United,4,2,H,5,10,12,23,-1,4,4,7,1489.6347173950674,1525.754278148079,13,14
E0,2021-10-16,Man City,Burnley,2,0,H,11,3,29,10,7,-3,7,1,1529.0885169074197,1462.9430932548094,13,14
E0,2021-10-16,Norwich,Brighton,0,0,D,1,8,5,24,-6,0,0,7,1444.3847868045432,1526.8469028337618,14,14
E0,2021-10-16,Southampton,Leeds,1,0,H,3,5,6,19,-3,-3,2,2,1473.1466065664893,1482.410239889654,14,14
E0,2021-10-16,Brentford,Chelsea,0,1,A,8,10,29,31,2,7,4,7,1519.1983314447848,1536.167879357506,13,14
E0,2021-10-17,Everton,West Ham,0,1,A,10,5,26,15,3,-1,9,7,1525.7322175707727,1507.0881764298767,15,14
E0,2021-10-17,Newcastle,Tottenham,2,3,A,3,6,8,18,-4,-6,2,3,1463.26289489697,1508.4299676077867,15,14
E0,2021-10-18,Arsenal,Crystal Palace,2,2,D,10,6,32,16,-1,0,6,1,1502.3321096523455,1494.5620183870587,16,15
E0,2021-10-22,Arsenal,Aston Villa,3,1,H,11,6,27,15,4,-1,7,3,1502.10850572591,1492.6444490159734,4,6
E0,2021-10-23,Chelsea,Norwich,7,0,H,12,2,36,9,8,-5,9,1,1545.407152712712,1446.7146515483491,7,7
E0,2021-10-23,Crystal Palace,Newcastle,1,1,D,6,2,15,5,0,-5,6,1,1494.7791896013005,1454.5556333721968,5,6
E0,2021-10-23,Everton,Watford,2,5,A,7,4,16,9,0,-6,9,3,1515.1961134196872,1470.6438980238183,6,7
E0,2021-10-23,Leeds,Wolves,1,1,D,4,12,14,39,-4,3,4,9,1472.4391065218538,1502.4102354812105,7,7
E0,2021-10-23,Southampton,Burnley,2,2,D,5,2,18,7,-2,-5,5,1,1483.413172201459,1455.0486217769126,7,7
E0,2021-10-23,Brighton,Man City,1,4,A,9,11,21,33,2,4,7,7,1524.580555135723,1537.2073713730354,7,7
E0,2021-10-24,Brentford,Leicester,1,2,A,7,5,21,22,1,0,4,4,1509.686366276999,1500.6705927718513,8,8
E0,2021-10-24,West Ham,Tottenham,1,0,H,7,6,25,27,0,-6,4,6,1517.3214992616756,1516.8916492537153,7,7
E0,2021-10-24,Man United,Liverpool,0,5,A,7,11,13,31,1,11,7,10,1515.0335634201683,1544.4411416569394,8,8
E0,2021-10-30,Tottenham,Man United,0,3,A,6,4,21,6,-4,-7,9,7,1507.1913985482736,1505.8779660234493,6,6
E0,2021-10-30,Watford,Southampton,0,1,A,7,5,20,18,-1,-2,4,2,1481.598765631044,1482.5985837673315,7,7
E0,2021-10-30,Newcastle,Chelsea,0,3,A,3,12,8,39,-2,12,2,10,1455.6754698219816,1552.640568837328,7,7
E0,2021-10-30,Man City,Crystal Palace,0,2,A,11,4,37,14,6,-3,10,2,1546.5674506162875,1493.626607468904,7,7
E0,2021-10-30,Liverpool,Brighton,2,2,D,11,6,35,12,13,-2,8,8,1553.3357398893313,1514.9438241992848,6,7
E0,2021-10-30,Burnley,Brentford,3,1,H,3,7,10,14,-3,1,2,8,1455.839915640182,1499.426929686209,7,6
E0,2021-10-30,Leicester,Arsenal,0,2,A,8,11,32,31,2,5,7,4,1510.634797423714,1511.83617563048,6,8
E0,2021-10-31,Norwich,Leeds,1,2,A,2,5,7,15,-11,-1,1,2,1439.6723661970211,1473.2996115459644,8,8
E0,2021-10-31,Aston Villa,West Ham,1,4,A,6,9,9,33,0,1,7,10,1483.1962701749396,1527.3091271902313,9,7
E0,2021-11-01,Wolves,Everton,2,1,H,10,4,32,9,1,-5,3,5,1501.5743195785258,1503.9207801765751,9,9
E0,2021-11-05,Southampton,Aston Villa,1,0,H,7,3,28,3,-1,-6,6,3,1492.2829167323862,1474.4591613473222,6,5
E0,2021-11-06,Brighton,Newcastle,1,1,D,4,2,11,5,-3,-5,7,2,1516.0130536464155,1448.3960776625233,7,7
E0,2021-11-06,Crystal Palace,Wolves,2,0,H,7,13,25,37,2,4,7,10,1504.8134037405816,1511.641855116651,7,5
E0,2021-11-06,Chelsea,Burnley,1,1,D,12,6,42,22,12,0,12,2,1559.7270788196113,1467.0879103862444,7,7
E0,2021-11-06,Brentford,Norwich,1,2,A,4,2,7,5,-3,-10,4,1,1488.4988166504202,1430.6372251566825,7,6
E0,2021-11-06,Man United,Man City,0,2,A,4,10,17,26,-5,4,7,10,1515.6269112083992,1535.0553752676044,7,7
E0,2021-11-07,Arsenal,Watford,1,0,H,11,4,35,13,6,-4,10,6,1521.5148799205292,1471.627542630812,8,8
E0,2021-11-07,Everton,Tottenham,0,0,D,4,6,5,15,-3,-4,9,6,1494.1429740007084,1497.1535951014544,6,8
E0,2021-11-07,Leeds,Leicester,1,1,D,7,8,25,24,0,1,5,7,1482.0778238715143,1500.6693757302744,7,8
E0,2021-11-07,West Ham,Liverpool,3,2,H,12,9,39,29,5,10,7,13,1535.799607797969,1552.2352074128169,7,8
E0,2021-11-20,Wolves,West Ham,1,0,H,10,12,24,42,1,5,6,13,1501.7387926956208,1546.2723098286986,14,13
E0,2021-11-20,Watford,Man United,4,1,H,3,4,9,13,-5,-6,4,10,1463.2944901670778,1506.1855252136636,13,14
E0,2021-11-20,Norwich,Southampton,2,1,H,5,10,18,36,-7,1,1,5,1441.9595087085413,1501.77035738345,14,15
E0,2021-11-20,Liverpool,Arsenal,4,0,H,8,11,20,39,9,5,9,7,1542.063598273315,1530.0887941714946,13,13
E0,2021-11-20,Burnley,Crystal Palace,3,3,D,6,9,21,33,0,4,5,5,1469.6228142466416,1515.0099170678834,14,14
E0,2021-11-20,Aston Villa,Brighton,2,0,H,0,4,0,12,-8,-3,7,9,1465.2436256339217,1514.0910850100067,15,14
E0,2021-11-20,Leicester,Chelsea,0,3,A,8,13,21,35,1,13,7,13,1500.1501222464785,1557.1221512648299,13,14
E0,2021-11-20,Newcastle,Brentford,3,3,D,2,3,8,3,-5,-4,2,8,1450.2647148891142,1476.84865393515,14,14
E0,2021-11-21,Man City,Everton,3,0,H,10,2,31,6,5,-5,10,5,1544.2263413679063,1494.2296244727906,15,14
E0,2021-11-21,Tottenham,Leeds,2,1,H,7,8,14,23,-2,1,9,5,1497.069438448519,1482.6124215894763,14,14
E0,2021-11-27,Arsenal,Newcastle,2,0,H,10,3,28,11,1,-4,13,3,1520.7105605164438,1451.0283724638095,7,7
E0,2021-11-27,Crystal Palace,Aston Villa,1,2,A,9,3,29,15,4,-5,9,3,1513.7477260330877,1476.6403775521856,7,7
E0,2021-11-27,Liverpool,Southampton,4,0,H,10,10,27,26,13,2,9,5,1551.7190721183053,1490.3945317100397,7,7
E0,2021-11-27,Norwich,Wolves,0,0,D,7,10,28,29,-6,1,4,10,1453.6641967669834,1513.0135965091856,7,7
E0,2021-11-27,Brighton,Leeds,0,0,D,3,5,8,15,-5,-1,5,5,1503.0173224914076,1473.3032792459503,7,6
E0,2021-11-28,Chelsea,Man United,1,1,D,13,3,37,9,14,-9,10,9,1565.2631885692788,1495.2767121375582,8,8
E0,2021-11-28,Man City,West Ham,2,1,H,12,12,36,30,8,5,10,10,1552.7971715848757,1535.3179603970862,7,8
E0,2021-11-28,Brentford,Everton,1,0,H,1,1,5,4,-5,-8,1,4,1476.1068516451078,1485.8995462768742,8,7
E0,2021-11-28,Leicester,Watford,4,2,H,7,6,13,21,-2,-1,4,6,1491.7753680198462,1474.5227601173187,8,8
E0,2021-11-30,Newcastle,Norwich,1,1,D,3,7,8,26,-5,-6,3,4,1443.2282888823324,1455.355986301978,3,3
E0,2021-11-30,Leeds,Crystal Palace,1,0,H,6,8,15,20,0,3,5,6,1474.1320568383578,1502.6837332700404,3,3
E0,2021-12-01,Southampton,Leicester,2,2,D,7,7,16,21,-3,-2,8,8,1482.3707871510703,1501.2792057958204,4,3
E0,2021-12-01,Watford,Chelsea,1,2,A,6,11,15,29,2,13,4,13,1465.2913536891058,1563.275626495253,3,3
E0,2021-12-01,West Ham,Brighton,1,1,D,9,3,18,10,3,-5,7,6,1526.092851150811,1502.1641626641483,3,4
E0,2021-12-01,Wolves,Burnley,0,0,D,8,6,24,20,0,0,9,3,1511.3691455290384,1470.9217793519583,4,11
E0,2021-12-01,Aston Villa,Man City,1,2,A,6,12,27,39,-3,7,7,13,1487.3885647995423,1562.2945034615452,4,3
E0,2021-12-01,Everton,Liverpool,1,4,A,1,10,3,32,-8,12,7,10,1475.9136233276809,1559.9721142266512,3,4
E0,2021-12-02,Tottenham,Brentford,2,0,H,7,4,22,19,-2,-3,9,8,1506.6535720436038,1486.3886334388817,11,4
E0,2021-12-02,Man United,Arsenal,3,2,H,4,12,11,33,-7,3,4,7,1497.2092655234069,1528.731412047244,4,5
E0,2021-12-04,Watford,Man City,1,3,A,3,12,9,42,-2,5,4,13,1458.0391027409491,1569.955912490796,3,3
E0,2021-12-04,Wolves,Liverpool,0,1,A,8,10,21,37,0,10,10,10,1510.210207676672,1567.3927986521398,3,3
E0,2021-12-04,Newcastle,Burnley,1,0,H,3,7,10,19,-5,2,3,4,1443.577210370386,1472.047795715683,4,3
E0,2021-12-04,Southampton,Brighton,1,1,D,7,4,14,12,-3,-2,8,4,1482.9144785174299,1502.832097952484,3,3
E0,2021-12-04,West Ham,Chelsea,3,2,H,7,11,14,33,2,7,7,15,1525.4052150325986,1570.3360289732768,3,3
E0,2021-12-05,Leeds,Brentford,2,2,D,8,4,24,15,1,-4,8,7,1484.9519952181802,1477.2408870461386,5,3
E0,2021-12-05,Man United,Crystal Palace,1,0,H,7,7,22,12,-1,2,4,5,1508.114064552772,1492.1738154706602,3,5
E0,2021-12-05,Tottenham,Norwich,3,0,H,7,8,30,24,-1,1,9,5,1516.0709607674025,1455.0170957030725,3,5
E0,2021-12-05,Aston Villa,Leicester,2,1,H,6,5,21,19,-2,-3,6,6,1479.5117361623093,1500.751118182152,4,4
E0,2021-12-06,Everton,Arsenal,2,1,H,1,9,2,21,-8,0,4,7,1468.2868945144069,1518.1386926581163,5,4
E0,2021-12-10,Brentford,Watford,2,1,H,5,3,16,6,-2,-3,4,6,1477.4564102008685,1451.153350835216,5,6
E0,2021-12-11,Norwich,Man United,0,1,A,8,7,16,30,-1,-3,5,7,1446.9860725925303,1517.6555889479791,6,6
E0,2021-12-11,Liverpool,Aston Villa,1,0,H,12,9,42,30,11,2,11,6,1575.5281494951287,1490.1222943339426,7,6
E0,2021-12-11,Chelsea,Leeds,3,2,H,8,6,22,21,3,0,8,5,1559.3706705260452,1484.730088119247,7,6
E0,2021-12-11,Arsenal,Southampton,3,0,H,6,5,12,12,-3,-4,13,4,1507.0371707330778,1483.487126499606,5,7
E0,2021-12-11,Man City,Wolves,1,0,H,15,5,45,13,9,-2,10,8,1576.663818816024,1501.8413532460559,7,7
E0,2021-12-12,Burnley,West Ham,0,0,D,6,7,12,22,1,0,6,9,1461.5401393089974,1536.6912664879767,8,8
E0,2021-12-12,Leicester,Newcastle,4,0,H,5,6,14,22,-2,-1,7,3,1490.4452914404121,1454.3948304081841,7,8
E0,2021-12-12,Crystal Palace,Everton,3,1,H,4,4,5,16,-1,-6,6,1,1482.9059276332682,1479.7119781528834,7,6
E0,2021-12-14,Norwich,Aston Villa,0,2,A,5,9,8,21,-3,2,5,3,1438.9925101078331,1482.736793432025,3,3
E0,2021-12-14,Man City,Leeds,7,0,H,15,5,45,15,8,-1,12,4,1584.5429418155145,1477.0616564727231,3,3
E0,2021-12-15,Brighton,Wolves,0,1,A,4,5,13,8,-2,-1,6,5,1502.2758795908203,1494.1777353684909,11,4
E0,2021-12-15,Crystal Palace,Southampton,2,2,D,4,2,16,7,-1,-8,8,3,1492.8140009670578,1474.4304814536522,3,4
E0,2021-12-15,Arsenal,West Ham,2,0,H,6,5,21,20,-1,-1,13,7,1516.3603821494553,1534.61995561202,4,3
E0,2021-12-16,Liverpool,Newcastle,3,1,H,15,5,45,16,13,-5,11,2,1583.1183161469191,1445.683308745661,5,4
E0,2021-12-16,Chelsea,Everton,1,1,D,10,3,29,12,4,-8,11,1,1567.2547936211192,1470.0889060245304,5,4
E0,2021-12-18,Leeds,Arsenal,1,4,A,5,9,10,30,-7,5,9,4,1470.242441914371,1526.8854515852604,4,3
E0,2021-12-19,Newcastle,Man City,0,4,A,4,15,11,45,-7,12,5,13,1439.5979294601173,1591.5444306253241,3,5
E0,2021-12-19,Wolves,Chelsea,0,0,D,5,8,18,24,-1,1,10,12,1504.1162888695137,1564.5288352189934,4,3
E0,2021-12-19,Tottenham,Liverpool,2,2,D,10,15,38,45,3,11,12,12,1524.3315568046935,1589.3567971355426,14,3
E0,2021-12-26,Aston Villa,Chelsea,1,3,A,9,8,27,21,2,1,6,10,1491.2373486217841,1562.8554580971136,12,7
E0,2021-12-26,Brighton,Brentford,2,0,H,3,8,9,26,-3,0,3,5,1492.0428384642694,1486.7007903418707,11,16
E0,2021-12-26,West Ham,Southampton,2,3,A,5,3,15,10,-2,-7,10,4,1524.397375458859,1474.9439346429601,11,11
E0,2021-12-26,Norwich,Arsenal,0,5,A,2,9,3,36,-6,6,4,6,1430.2449606745965,1535.0353768533687,12,8
E0,2021-12-26,Man City,Leicester,6,3,H,15,7,45,24,15,2,12,6,1597.2903434046248,1499.411383612865,7,14
E0,2021-12-26,Tottenham,Crystal Palace,3,0,H,11,4,33,17,6,-1,10,5,1526.181583036612,1492.2853739793263,7,11
E0,2021-12-27,Newcastle,Man United,1,1,D,4,10,7,38,-9,0,5,7,1433.7122775737794,1525.4293937142927,8,16
E0,2021-12-28,Crystal Palace,Norwich,3,0,H,4,1,13,1,-3,-11,8,5,1483.5145693790341,1423.1728233006816,2,2
E0,2021-12-28,Southampton,Tottenham,1,1,D,6,13,22,37,-2,9,9,4,1486.0344481293719,1535.2090553222326,2,2
E0,2021-12-28,Watford,West Ham,1,4,A,3,5,3,10,-3,-2,3,4,1442.172933171184,1512.9835264451035,18,2
E0,2021-12-28,Leicester,Liverpool,1,0,H,7,13,17,35,2,7,9,10,1492.3482853708267,1587.5582466956569,2,9
E0,2021-12-29,Chelsea,Brighton,1,1,D,8,6,28,21,2,1,9,4,1570.604044656787,1501.8890940750223,3,3
E0,2021-12-29,Brentford,Man City,0,1,A,7,15,18,45,-2,17,6,15,1477.1376666032534,1604.5453968825504,3,3
E0,2021-12-30,Man United,Burnley,3,1,H,11,4,33,11,3,-1,7,3,1522.9186723934674,1463.6700486302452,3,18
E0,2022-01-01,Watford,Tottenham,0,1,A,0,11,0,29,-9,8,3,5,1434.1832674208429,1533.8427621048581,4,4
E0,2022-01-01,Crystal Palace,West Ham,2,3,A,7,7,24,20,1,1,10,4,1491.7950487843252,1520.7535788570617,4,4
E0,2022-01-01,Arsenal,Man City,1,2,A,12,15,42,45,12,16,15,15,1541.9225389923076,1610.8716439119742,6,3
E0,2022-01-02,Leeds,Burnley,3,1,H,4,3,5,7,-10,-3,6,3,1461.8584664744008,1455.5904282443273,15,3
E0,2022-01-02,Chelsea,Liverpool,2,2,D,9,10,25,22,3,3,7,7,1568.6516597223117,1575.226365620078,4,5
E0,2022-01-02,Brentford,Aston Villa,2,1,H,4,6,11,18,-4,-1,6,6,1470.648763561824,1483.2699752800413,4,7
E0,2022-01-02,Everton,Brighton,2,3,A,4,6,14,20,-5,1,4,4,1472.7420810624183,1503.7873680696775,17,4
E0,2022-01-03,Man United,Wolves,0,1,A,13,5,37,18,5,-1,9,5,1531.2297005439004,1505.8377869379713,4,15
E0,2022-01-11,Southampton,Brentford,4,1,H,6,7,21,22,-2,-1,7,2,1487.4404312022805,1481.0118715271378,14,9
E0,2022-01-12,West Ham,Norwich,2,0,H,7,0,28,0,1,-14,10,4,1529.6605806462962,1415.1226409897272,11,15
E0,2022-01-14,Brighton,Crystal Palace,1,1,D,8,7,29,17,2,1,5,4,1512.6367584679033,1482.6266175037624,12,13
E0,2022-01-15,Man City,Chelsea,1,0,H,15,7,45,21,16,2,15,10,1618.6912594511587,1568.840872384567,14,13
E0,2022-01-15,Newcastle,Watford,1,1,D,4,0,8,0,-9,-8,6,3,1436.292450104137,1426.9755334840456,19,14
E0,2022-01-15,Norwich,Everton,2,1,H,0,4,0,10,-13,-5,4,1,1408.4800970450838,1463.6332656516925,3,13
E0,2022-01-15,Wolves,Southampton,3,1,H,7,8,28,30,0,1,8,4,1516.2595536287633,1497.2554234937038,12,4
E0,2022-01-15,Aston Villa,Man United,2,2,D,6,10,12,24,-1,3,6,8,1473.2049827446674,1520.5001609422857,13,12
E0,2022-01-16,West Ham,Leeds,2,3,A,9,4,36,16,3,-9,10,4,1536.4783681289823,1471.678077402168,4,14
E0,2022-01-16,Liverpool,Brentford,3,0,H,8,6,17,15,2,-4,13,2,1575.0425970418387,1471.4790581898808,14,5
E0,2022-01-18,Brighton,Chelsea,1,1,D,8,6,26,14,2,1,6,7,1511.7751389132056,1560.506815097595,4,3
E0,2022-01-19,Leicester,Tottenham,2,3,A,7,11,25,33,1,7,9,8,1505.0220514231503,1540.8603443207007,22,18
E0,2022-01-19,Brentford,Man United,1,3,A,3,8,9,19,-8,2,9,6,1464.5608122891147,1519.1854900139417,3,4
E0,2022-01-21,Watford,Norwich,0,3,A,1,3,5,15,-7,-11,3,4,1427.2359205427076,1420.0543316837175,6,6
E0,2022-01-22,Everton,Aston Villa,0,1,A,4,4,6,11,-3,-2,4,6,1452.3854998474824,1474.5579009916428,7,7
E0,2022-01-22,Brentford,Wolves,1,2,A,3,10,6,36,-8,3,9,7,1456.1202091617706,1525.7131156486676,3,7
E0,2022-01-22,Leeds,Newcastle,0,1,A,6,2,27,9,-8,-10,8,2,1483.190593597245,1436.0243519486248,6,7
E0,2022-01-22,Man United,West Ham,1,0,H,8,9,26,27,3,4,9,7,1527.390001528531,1524.6345956168852,3,6
E0,2022-01-22,Southampton,Man City,1,1,D,8,15,22,45,2,10,9,15,1488.0726749153207,1627.2662156019533,7,7
E0,2022-01-23,Chelsea,Tottenham,2,0,H,6,11,13,37,1,5,7,8,1559.152681497596,1549.5777007267775,5,4
E0,2022-01-23,Leicester,Brighton,1,1,D,6,9,18,23,0,3,9,6,1496.049917458584,1513.1686231857834,4,5
E0,2022-01-23,Arsenal,Burnley,0,0,D,12,2,30,4,12,-5,12,2,1533.881405679659,1446.0531373639722,22,21
E0,2022-01-23,Crystal Palace,Liverpool,1,3,A,5,8,15,24,-1,4,7,8,1483.463616551693,1582.1470529533058,9,7
E0,2022-02-05,Burnley,Watford,0,0,D,2,1,7,4,-5,-8,6,4,1448.4615342559166,1417.0292472331646,13,15
E0,2022-02-08,Newcastle,Everton,3,1,H,5,1,22,2,-5,-5,6,1,1447.0516106493546,1443.022807909576,17,17
E0,2022-02-08,West Ham,Watford,1,0,H,9,2,18,8,4,-7,7,2,1514.9992813196752,1417.9057180472023,17,3
E0,2022-02-08,Burnley,Man United,1,1,D,3,10,10,33,-4,4,7,9,1447.559300477307,1537.310696233968,3,17
E0,2022-02-09,Man City,Brentford,2,0,H,13,3,35,3,6,-8,15,1,1623.5553735235444,1448.0968884324768,18,18
E0,2022-02-09,Norwich,Crystal Palace,1,1,D,6,4,27,10,-6,-3,4,2,1429.967264954371,1476.2299594901144,19,17
E0,2022-02-09,Tottenham,Southampton,2,3,A,10,8,26,19,3,2,13,4,1540.1326132187016,1491.8775641606712,17,18
E0,2022-02-09,Aston Villa,Leeds,3,3,D,7,6,22,21,0,-8,7,4,1483.6527323822172,1471.8413186978453,18,18
E0,2022-02-10,Wolves,Arsenal,0,1,A,13,10,41,23,5,9,8,6,1533.5155770955935,1531.4060098980874,19,18
E0,2022-02-10,Liverpool,Leicester,2,0,H,8,7,31,17,4,1,15,5,1589.189570058997,1496.542235082568,18,18
E0,2022-02-12,Norwich,Man City,0,4,A,7,13,26,37,-1,5,4,13,1431.290998226076,1628.8948913562142,3,3
E0,2022-02-12,Watford,Brighton,0,2,A,2,7,6,19,-5,1,0,7,1410.8225011872175,1512.6904422339421,4,20
E0,2022-02-12,Man United,Southampton,1,1,D,8,8,28,26,2,2,12,7,1534.85163097452,1502.9349451875723,4,3
E0,2022-02-12,Brentford,Crystal Palace,0,0,D,0,5,0,11,-11,0,6,2,1442.87680916774,1474.943677415058,3,3
E0,2022-02-12,Everton,Leeds,3,0,H,1,7,1,20,-5,-1,4,5,1433.423038005471,1472.1713775166434,4,3
E0,2022-02-13,Burnley,Liverpool,0,1,A,3,10,12,38,-4,6,7,8,1450.0865849452443,1596.5844234033539,5,3
E0,2022-02-13,Newcastle,Aston Villa,1,0,H,8,5,32,20,-1,-2,8,9,1456.9356575823074,1483.3129034751237,5,4
E0,2022-02-13,Tottenham,Wolves,0,2,A,7,10,16,28,-1,3,10,10,1528.7525835568892,1523.4548596169786,4,3
E0,2022-02-13,Leicester,West Ham,2,2,D,4,9,10,24,-5,2,10,7,1489.344654030266,1522.2752500031384,3,5
E0,2022-02-15,Man United,Brighton,2,0,H,9,9,25,27,3,3,10,9,1533.9355703194199,1519.651752833925,3,3
E0,2022-02-19,Southampton,Everton,2,0,H,8,3,23,15,2,-2,7,1,1503.824854499485,1444.5337037860922,7,7
E0,2022-02-19,Liverpool,Norwich,3,1,H,13,7,43,19,8,-2,15,4,1602.4565010579,1426.4354029984322,6,7
E0,2022-02-19,Man City,Tottenham,2,3,A,13,6,39,9,8,-3,15,8,1633.6484575984532,1518.6001146211063,7,6
E0,2022-02-19,Crystal Palace,Chelsea,0,1,A,3,6,11,22,-3,1,7,5,1474.0496022811853,1568.8771611466868,7,27
E0,2022-02-19,Arsenal,Brentford,2,1,H,10,1,28,5,8,-8,10,1,1541.1771973410148,1443.7971559777056,9,7
E0,2022-02-19,Aston Villa,Watford,0,1,A,5,2,15,4,-1,-6,5,2,1472.8636406667374,1403.6732708801064,6,7
E0,2022-02-19,West Ham,Newcastle,1,1,D,7,11,20,39,1,4,9,4,1521.3572223657502,1467.6934004754041,6,6
E0,2022-02-19,Brighton,Burnley,0,3,A,6,3,18,9,0,-3,6,2,1510.337791597149,1444.0698198396651,4,6
E0,2022-02-20,Leeds,Man United,2,4,A,7,11,13,31,-1,5,7,9,1461.3775749640743,1543.524680474521,8,5
E0,2022-02-20,Wolves,Leicester,2,1,H,12,5,33,11,5,-2,5,2,1533.3151379170497,1490.2896446588925,7,7
E0,2022-02-23,Burnley,Tottenham,1,0,H,6,6,21,18,2,-3,4,10,1455.6224409953747,1531.4504874664462,4,4
E0,2022-02-23,Watford,Crystal Palace,1,4,A,4,3,17,8,-5,-3,0,3,1415.3055997130505,1466.7131457539888,4,4
E0,2022-02-23,Liverpool,Leeds,6,0,H,15,4,45,6,10,-5,15,4,1607.783352358591,1453.6988633336207,4,3
E0,2022-02-24,Arsenal,Wolves,2,1,H,10,12,33,36,6,5,10,12,1548.4455340829988,1542.0830565146732,5,4
E0,2022-02-25,Southampton,Norwich,2,0,H,8,7,30,12,1,-2,9,3,1512.1346935673134,1421.2275267297475,6,6
E0,2022-02-26,Everton,Man City,0,1,A,3,10,12,26,-3,6,6,13,1436.455229295344,1620.453048310452,7,7
E0,2022-02-26,Brighton,Aston Villa,0,2,A,5,5,12,10,-3,-1,5,6,1498.4532438886176,1460.8980971860865,7,7
E0,2022-02-26,Man United,Watford,0,0,D,11,4,35,13,5,-5,10,5,1550.9953909099015,1406.7745237263773,6,3
E0,2022-02-26,Brentford,Newcastle,0,2,A,1,11,4,33,-6,4,4,4,1436.7212804268518,1469.1827034226294,7,7
E0,2022-02-26,Crystal Palace,Burnley,1,1,D,5,8,20,30,0,3,4,4,1475.0048871768397,1467.7709420186334,3,3
E0,2022-02-26,Leeds,Tottenham,0,4,A,1,3,2,12,-12,-5,4,9,1448.0020224261698,1519.6378944349879,3,3
E0,2022-02-27,West Ham,Wolves,1,0,H,5,9,18,24,-1,2,7,12,1519.8248202123812,1532.5483999228165,8,3
E0,2022-03-01,Burnley,Leicester,0,2,A,8,2,27,6,3,-4,6,1,1467.9731322475986,1481.7694333654485,3,9
E0,2022-03-05,Liverpool,West Ham,1,0,H,15,8,45,28,13,1,15,7,1613.618014516239,1530.1908706490553,10,6
E0,2022-03-05,Norwich,Brentford,1,3,A,4,1,5,3,-5,-6,4,0,1413.984971903053,1427.6528860624273,8,7
E0,2022-03-05,Wolves,Crystal Palace,0,2,A,6,6,15,20,0,2,7,6,1522.4805458171945,1474.7967075802433,6,7
E0,2022-03-05,Newcastle,Brighton,2,1,H,13,4,37,7,6,-5,8,8,1477.993039774787,1487.3765101211043,7,7
E0,2022-03-05,Aston Villa,Southampton,4,0,H,7,11,20,37,1,5,5,8,1471.6587351178352,1519.5762943471289,7,8
E0,2022-03-05,Leicester,Leeds,1,0,H,5,1,19,1,-1,-15,8,4,1491.096960357917,1440.035139203618,4,7
E0,2022-03-05,Burnley,Chelsea,0,4,A,7,8,19,31,1,2,5,8,1458.3700131350258,1576.0185642018891,4,14
E0,2022-03-06,Watford,Arsenal,2,3,A,4,10,14,38,-5,2,0,9,1410.606441908314,1558.2624277260034,8,10
E0,2022-03-06,Man City,Man United,4,1,H,10,9,31,29,6,4,12,9,1625.4898646652832,1547.0674379110128,8,8
E0,2022-03-07,Tottenham,Everton,5,0,H,6,3,24,9,1,-3,7,1,1527.3860090592432,1431.3058924705638,9,9
E0,2022-03-10,Norwich,Chelsea,1,3,A,1,10,1,38,-10,6,4,10,1404.378163283419,1582.5839468072575,5,5
E0,2022-03-10,Southampton,Newcastle,1,2,A,10,13,26,39,1,6,11,7,1508.5282481532436,1488.2630521138217,5,5
E0,2022-03-10,Wolves,Watford,4,0,H,6,4,9,10,-1,-5,7,6,1511.1166474583936,1404.617684819815,5,4
E0,2022-03-10,Leeds,Aston Villa,0,3,A,0,7,0,28,-16,4,3,9,1431.7340079366331,1483.0292347633954,5,5
E0,2022-03-12,Man United,Tottenham,3,2,H,8,9,20,33,1,7,8,9,1539.4988655558927,1534.6890040148191,6,5
E0,2022-03-12,Brighton,Liverpool,0,2,A,3,15,3,45,-6,12,5,8,1477.4020267954336,1621.2618988357244,7,7
E0,2022-03-12,Brentford,Burnley,2,0,H,4,7,17,12,-3,-2,4,5,1436.9839859915958,1451.6324592176416,7,7
E0,2022-03-13,Chelsea,Newcastle,1,0,H,13,13,43,41,9,5,9,10,1587.7446091017691,1498.5416669666615,3,3
E0,2022-03-13,Everton,Wolves,0,1,A,3,6,6,18,-7,1,6,9,1424.1966781285503,1518.1438894611226,6,3
E0,2022-03-13,Leeds,Norwich,2,1,H,0,0,0,0,-16,-12,3,3,1423.199768748499,1399.100315641544,3,3
E0,2022-03-13,Southampton,Watford,1,2,A,7,4,16,6,-1,-7,10,5,1497.945629492627,1397.7737018997946,3,3
E0,2022-03-13,West Ham,Aston Villa,2,1,H,8,9,20,36,1,7,10,9,1522.753676944311,1491.3240264311846,8,3
E0,2022-03-13,Arsenal,Leicester,2,0,H,13,7,43,29,4,0,10,3,1564.107556327737,1499.6377738154706,7,8
E0,2022-03-14,Crystal Palace,Man City,0,0,D,8,12,29,36,4,9,4,13,1485.8382881042724,1633.2702536949168,9,8
E0,2022-03-16,Brighton,Tottenham,0,2,A,0,9,0,24,-10,8,2,6,1471.3211890306623,1525.111030935566,4,4
E0,2022-03-16,Arsenal,Liverpool,0,2,A,15,15,45,45,6,12,10,10,1572.272974828962,1627.1956230120122,3,4
E0,2022-03-17,Everton,Newcastle,1,0,H,3,10,3,28,-6,3,3,10,1416.836664940923,1491.2549530689525,4,4
E0,2022-03-18,Wolves,Leeds,2,3,A,6,3,27,15,1,-13,9,4,1525.3079537234817,1432.5072410353985,5,5
E0,2022-03-19,Aston Villa,Arsenal,0,1,A,9,12,27,30,7,3,5,12,1482.4852394538043,1563.8407383088454,6,3
E0,2022-03-20,Leicester,Brentford,2,1,H,7,7,22,28,0,1,8,3,1491.698448465345,1447.4053532968742,7,8
E0,2022-03-20,Tottenham,West Ham,3,1,H,9,8,30,27,9,1,7,7,1533.338152501654,1531.8515184328778,4,7
E0,2022-04-02,Wolves,Aston Villa,2,1,H,6,9,21,18,1,7,6,9,1512.6986925831338,1474.784959885617,15,14
E0,2022-04-02,Leeds,Southampton,1,1,D,6,6,27,9,-6,-2,3,7,1444.77520507251,1485.1397699757708,15,20
E0,2022-04-02,Chelsea,Brentford,1,4,A,15,6,45,21,10,0,9,3,1595.2321080204813,1438.9197982018763,20,13
E0,2022-04-02,Man United,Leicester,1,1,D,10,9,27,30,2,1,11,3,1549.3604354557654,1500.430452694648,21,13
E0,2022-04-02,Brighton,Norwich,0,0,D,0,0,0,0,-10,-9,1,3,1462.857132959878,1390.0588919342692,17,20
E0,2022-04-02,Liverpool,Watford,2,0,H,15,4,45,17,13,-7,15,7,1635.3920689837878,1410.236605547036,17,20
E0,2022-04-02,Burnley,Man City,0,2,A,4,10,5,29,-7,7,4,11,1441.510799332024,1629.3616630810566,21,19
E0,2022-04-03,West Ham,Everton,2,1,H,7,3,19,15,-1,-8,10,1,1522.1807797205427,1428.9464293162687,14,17
E0,2022-04-03,Tottenham,Newcastle,5,1,H,12,9,36,18,12,2,9,7,1543.29536399472,1479.4805518388057,14,17
E0,2022-04-04,Crystal Palace,Arsenal,3,0,H,8,12,26,33,4,3,2,15,1489.844119255199,1571.3322059756229,21,16
E0,2022-04-06,Burnley,Everton,3,2,H,1,3,1,12,-10,-7,3,0,1436.4458113690312,1421.7639925159347,4,3
E0,2022-04-08,Newcastle,Wolves,1,0,H,6,9,9,30,-4,3,11,9,1471.5236710627767,1521.6117586745245,5,6
E0,2022-04-09,Aston Villa,Tottenham,0,4,A,6,12,9,39,4,12,5,9,1466.1246414387142,1551.479005854084,7,6
E0,2022-04-09,Everton,Man United,1,0,H,3,8,9,22,-7,0,6,8,1412.4611043232999,1547.9613547392798,3,7
E0,2022-04-09,Arsenal,Brighton,1,2,A,9,1,21,5,-1,-7,10,7,1559.3668179347317,1460.7919653445863,5,7
E0,2022-04-09,Southampton,Chelsea,0,6,A,4,12,8,30,-4,5,7,10,1484.0160398499409,1581.013915398939,7,7
E0,2022-04-09,Watford,Leeds,0,3,A,4,7,13,26,-6,-2,0,4,1406.0230053542043,1445.9317916575483,7,7
E0,2022-04-10,Man City,Liverpool,2,2,D,10,15,34,45,5,13,12,13,1634.3171686507164,1639.6885144863747,8,8
E0,2022-04-10,Norwich,Burnley,2,0,H,1,3,5,15,-7,-9,4,5,1392.0670850596305,1446.0234860073986,8,4
E0,2022-04-10,Brentford,West Ham,2,0,H,9,9,30,27,4,0,4,4,1452.7958587001294,1529.5598910196356,8,7
E0,2022-04-10,Leicester,Crystal Palace,2,1,H,10,11,26,33,2,8,8,9,1501.7900308210742,1502.1474537280506,8,6
E0,2022-04-16,Tottenham,Brighton,0,1,A,12,4,42,19,11,-4,9,7,1558.8658500904478,1473.212790149296,7,7
E0,2022-04-16,Man United,Norwich,3,2,H,5,4,14,19,-3,-3,9,4,1534.5928987211917,1403.6077095031428,7,6
E0,2022-04-16,Southampton,Arsenal,1,0,H,1,6,4,12,-12,-3,6,12,1476.7375212259778,1546.603361371221,7,7
E0,2022-04-16,Watford,Brentford,1,2,A,3,12,9,36,-9,8,0,6,1397.1666471033434,1464.9700410769012,7,6
E0,2022-04-17,Newcastle,Leicester,2,1,H,6,10,18,31,-4,1,13,4,1482.955416893958,1511.8003182756638,9,7
E0,2022-04-17,West Ham,Burnley,1,1,D,6,3,18,12,-3,-9,13,5,1517.7219702263708,1434.8086909847436,7,7
E0,2022-04-19,Liverpool,Man United,4,0,H,13,7,35,24,7,-2,15,7,1639.538375392919,1540.9918562103223,9,3
E0,2022-04-20,Newcastle,Crystal Palace,1,0,H,6,8,27,22,-4,4,15,8,1493.7837376442494,1492.4252140386918,3,10
E0,2022-04-20,Man City,Brighton,3,0,H,11,7,29,30,6,-2,10,9,1634.471756095518,1485.2900314500966,10,4
E0,2022-04-20,Chelsea,Arsenal,2,4,A,12,3,33,6,10,-6,8,9,1588.099585105888,1534.952638078766,11,4
E0,2022-04-20,Everton,Leicester,1,1,D,6,7,21,21,-1,-1,9,4,1426.174715834036,1501.2822237087173,11,3
E0,2022-04-21,Burnley,Southampton,2,0,H,4,4,14,18,-5,-7,6,5,1437.0870185800702,1488.7217480440834,4,5
E0,2022-04-23,Brentford,Tottenham,0,0,D,12,12,39,30,7,11,7,9,1472.8202164934166,1546.4493159632407,7,7
E0,2022-04-23,Arsenal,Man United,3,1,H,6,7,18,17,-2,-3,9,4,1546.1451180815338,1533.94583819675,3,4
E0,2022-04-23,Leicester,Aston Villa,0,0,D,8,3,19,3,1,-4,11,6,1499.2120814464618,1458.5330787797416,3,14
E0,2022-04-23,Man City,Watford,5,1,H,11,3,33,6,8,-9,10,7,1640.4237297617221,1389.0937825463607,3,7
E0,2022-04-23,Norwich,Newcastle,0,3,A,4,9,15,36,-2,-2,4,6,1397.3679716828183,1503.7446363909924,7,3
E0,2022-04-24,Chelsea,West Ham,1,0,H,9,7,21,17,4,-2,7,1,1576.581713762192,1515.379828571802,4,7
E0,2022-04-24,Liverpool,Everton,2,0,H,13,7,37,20,10,0,15,0,1646.775672070102,1428.3034266130621,5,4
E0,2022-04-24,Brighton,Southampton,2,2,D,7,4,23,14,-3,-8,1,5,1479.4802970501512,1477.5709877490156,4,3
E0,2022-04-24,Burnley,Wolves,1,0,H,7,9,25,21,-1,4,6,6,1448.5623397510249,1510.5037082142783,3,16
E0,2022-04-25,Crystal Palace,Leeds,0,0,D,7,10,14,34,3,2,5,6,1482.7508979789566,1454.5373628058232,5,16
E0,2022-04-28,Man United,Chelsea,1,1,D,4,9,10,27,-6,3,11,13,1524.5738552342038,1584.8381786425323,5,4
E0,2022-04-30,Newcastle,Liverpool,0,1,A,12,13,42,39,2,10,15,13,1510.591705882863,1651.2033241296547,7,6
E0,2022-04-30,Aston Villa,Norwich,2,0,H,1,4,5,11,-7,-3,4,1,1459.665490277563,1390.3375204011536,7,7
E0,2022-04-30,Southampton,Crystal Palace,1,2,A,5,5,15,12,-7,1,6,7,1477.624359884302,1481.940627423931,6,5
E0,2022-04-30,Watford,Burnley,1,2,A,3,10,3,33,-9,2,0,5,1385.3509873597852,1460.3265042069552,7,6
E0,2022-04-30,Wolves,Brighton,0,3,A,6,8,12,21,-1,-1,9,6,1499.0694500787083,1479.425343264164,6,6
E0,2022-04-30,Leeds,Man City,0,4,A,11,11,29,37,5,9,4,11,1455.3244606770652,1644.2337084926908,5,7
E0,2022-05-01,Everton,Chelsea,1,0,H,4,7,13,23,-3,2,7,13,1423.9630174897243,1583.1688327135132,7,3
E0,2022-05-01,Tottenham,Leicester,3,1,H,10,6,23,16,9,0,9,5,1544.4188157398896,1498.0465666165496,8,8
E0,2022-05-01,West Ham,Arsenal,1,2,A,4,6,10,27,-4,-1,11,9,1507.3527860349595,1555.7941388076863,7,8
E0,2022-05-02,Man United,Brentford,3,0,H,4,10,11,32,-6,5,9,9,1526.2912132308559,1474.908266878917,4,9
E0,2022-05-07,Liverpool,Tottenham,1,1,D,13,10,41,28,9,9,15,10,1657.2134553021704,1553.0919846162649,7,6
E0,2022-05-07,Brighton,Man United,4,0,H,10,7,28,22,2,-2,2,3,1489.6866072189002,1534.8229819831386,7,5
E0,2022-05-07,Crystal Palace,Watford,1,0,H,7,0,22,0,2,-11,6,4,1491.5323746655024,1377.4760709870782,7,7
E0,2022-05-07,Brentford,Southampton,3,0,H,10,4,22,10,3,-8,8,3,1466.615857431319,1467.748585659695,5,7
E0,2022-05-07,Burnley,Aston Villa,1,3,A,10,4,38,19,2,-4,9,7,1467.986072251723,1467.696139650979,7,7
E0,2022-05-07,Chelsea,Wolves,2,2,D,7,3,16,6,4,-5,9,3,1569.2238897753396,1488.5046489593065,6,7
E0,2022-05-08,Arsenal,Leeds,2,1,H,9,8,36,18,3,0,9,7,1564.1665383120094,1450.2824817936469,7,8
E0,2022-05-08,Leicester,Everton,1,2,A,5,7,10,24,-2,-1,11,0,1489.6177766530125,1438.2494321997062,7,7
E0,2022-05-08,Norwich,West Ham,0,4,A,4,4,7,6,-4,-3,3,1,1382.5280013140807,1498.7380754358803,8,7
E0,2022-05-08,Man City,Newcastle,5,0,H,13,12,41,30,13,5,10,6,1649.1670302963414,1504.4314474206883,8,8
E0,2022-05-10,Aston Villa,Liverpool,1,2,A,7,11,30,33,-1,7,6,13,1477.4164941889926,1654.3032058735862,3,3
E0,2022-05-11,Wolves,Man City,1,5,A,4,13,8,43,-4,16,6,13,1490.7246552136621,1655.226555618597,4,3
E0,2022-05-11,Watford,Everton,0,0,D,0,10,0,32,-10,1,0,3,1370.8215399910414,1449.3928392623955,4,3
E0,2022-05-11,Leeds,Chelsea,0,3,A,5,5,10,14,-2,-2,4,10,1443.623661312319,1566.941521089153,3,4
E0,2022-05-11,Leicester,Norwich,3,0,H,2,3,5,3,-4,-8,10,1,1478.1499566243474,1375.7534015928172,3,3
E0,2022-05-12,Tottenham,Arsenal,3,0,H,8,12,23,42,5,5,12,9,1555.9253791897247,1571.0012503502508,5,4
E0,2022-05-15,Everton,Brentford,2,3,A,8,10,27,27,0,3,10,9,1447.2300787526103,1476.6484598549694,4,8
E0,2022-05-15,Tottenham,Burnley,1,0,H,8,10,30,28,4,2,12,5,1566.3590255123756,1457.9777273226046,3,8
E0,2022-05-15,Aston Villa,Crystal Palace,1,1,D,7,7,23,30,-1,0,6,9,1472.109093686666,1498.3626264437555,5,8
E0,2022-05-15,Leeds,Brighton,1,1,D,4,10,5,33,-5,5,4,9,1437.0311306034248,1500.978476892058,4,8
E0,2022-05-15,Watford,Leicester,1,5,A,1,5,5,18,-7,0,1,2,1373.0452243664445,1485.285214753302,4,4
E0,2022-05-15,West Ham,Man City,2,2,D,4,15,17,45,0,20,10,13,1505.339085310772,1660.687854248058,7,4
E0,2022-05-15,Wolves,Norwich,1,1,D,1,0,4,0,-9,-13,6,1,1485.13467912248,1368.8055297765088,4,4
E0,2022-05-16,Newcastle,Arsenal,2,0,H,9,12,18,30,-1,3,12,6,1498.5182281452344,1560.8676443295387,8,4
E0,2022-05-17,Southampton,Liverpool,1,2,A,4,13,6,37,-5,8,3,13,1458.0046886167402,1659.4923424089814,10,7
E0,2022-05-19,Chelsea,Leicester,1,1,D,8,7,24,28,3,4,7,5,1573.3674321890505,1491.9850452297756,8,4
E0,2022-05-19,Everton,Crystal Palace,3,2,H,7,8,19,28,-1,1,10,7,1438.074790069556,1497.6300116665275,4,4
E0,2022-05-19,Aston Villa,Burnley,1,1,D,8,9,21,18,3,1,4,4,1472.8632961790238,1451.181168706297,4,4
E0,2022-05-22,Crystal Palace,Man United,1,0,H,8,4,20,15,1,-7,9,0,1486.2612032042136,1523.8519283746894,3,15
E0,2022-05-22,Liverpool,Wolves,3,1,H,13,2,39,8,5,-8,13,4,1664.1670542376435,1481.906208467818,5,7
E0,2022-05-22,Leicester,Southampton,4,1,H,7,1,26,2,4,-7,10,2,1494.2226955224112,1453.2308202011416,3,5
E0,2022-05-22,Chelsea,Watford,2,1,H,6,1,21,4,2,-10,5,3,1571.0669787978904,1366.1678697649,3,7
E0,2022-05-22,Man City,Aston Villa,3,2,H,13,8,35,18,17,3,13,7,1656.5924870115896,1472.2400432678849,7,3
E0,2022-05-22,Brighton,West Ham,3,1,H,8,5,28,18,4,2,5,3,1499.2091279516967,1509.5344529162003,7,7
E0,2022-05-22,Brentford,Leeds,1,2,A,10,2,32,6,2,-8,10,7,1485.5427597331245,1438.8511772763666,7,7
E0,2022-05-22,Arsenal,Everton,5,1,H,9,10,18,27,-1,2,9,4,1549.422205780045,1449.7723335016826,6,3
E0,2022-05-22,Burnley,Newcastle,1,2,A,7,9,14,24,-1,0,9,3,1451.7865506594808,1510.2937692731891,3,6
E0,2022-05-22,Norwich,Tottenham,0,5,A,1,11,5,37,-12,6,3,8,1371.9505148938222,1573.3369573079285,7,7
